region,entry_rate,exit_rate,net_rate,firm_total
东北,.63861883,.36138114,.27723768,3537.425925925926
东部,.71562231,.28437772,.43124455,16475.02133580705
中部,.68962061,.31037939,.37924126,6111.490575396825
西部,.71831864,.28168139,.43663722,3528.411374407583
